plan,disprop_mean,disprop_var,eg_mean,eg_var,ens-discrep_mean,ens-discrep_var
CD,-0.1557649976665132,0.056142386648257055,-0.10308333333333336,0.02326633873456789,-0.018628333333333354,0.0013748775154320994
MA_Proportional_DIST,-0.1279872198887354,0.02890948647224124,-0.07530555555555557,0.007394425154320979,0.009149444444444418,0.016654260231481487
MA_Dem_DIST,-0.1557649976665132,0.056142386648257055,-0.10308333333333336,0.02326633873456789,-0.018628333333333354,0.0013748775154320994
MA_GOP_DIST,-0.1279872198887354,0.04165738169948694,-0.07530555555555557,0.014357388117283942,0.009149444444444427,0.004302994799382716
