plan,disprop_mean,disprop_var,eg_mean,eg_var,ens-discrep_mean,ens-discrep_var
PLANC185_DIST,0.1210773639648103,0.0007675657871449557,0.04755555555555556,0.0024878463648834014,0.04980021604938272,0.0023427640499447486
CD,0.08712674668085968,0.0006709186014137784,0.013604938271604953,0.0012947355586038734,0.015849598765432113,0.0010641963773338672
TX_Proportional_DIST,0.003793413347526389,0.00016900794164545832,-0.06972839506172834,0.0025347904282883686,-0.06748373456790119,0.0026887042648510127
TX_Dem_DIST,-0.11657695702284403,0.0011809319365976155,-0.19009876543209878,0.0034684895595183634,-0.1878541049382716,0.00429517660138508
TX_GOP_DIST,0.14576872198950167,0.0017050795588010811,0.07224691358024692,0.006527017222984299,0.07449157407407409,0.006957040837019892
