plan,disprop_mean,disprop_var,eg_mean,eg_var,ens-discrep_mean,ens-discrep_var
newplan,0.18671835859676533,0.012164663881975568,0.17241025641025642,0.00864281919789612,0.1367803418803419,0.0063556939738476145
oldplan,0.23800040987881665,0.0022627708470514614,0.22369230769230772,0.004151037475345169,0.1880623931623932,0.023399985010446343
judge,0.06706023893864566,0.015710048565358944,0.05275213675213672,0.010930495434290302,0.017122222222222216,0.003980852860544964
NC_Proportional_DIST,0.015778187656594347,0.003214196302038978,0.0014700854700854125,0.002571082767185331,-0.03415982905982909,0.013358582424428375
NC_Dem_DIST,-0.08678591490750819,0.0038074348121724545,-0.10109401709401714,0.004195452699247575,-0.13672393162393162,0.023293094806633063
NC_GOP_DIST,0.212359384237791,0.003702244694415487,0.19805128205128206,0.002665172912557531,0.16242136752136757,0.01070611694119366
