plan,disprop_mean,disprop_var,eg_mean,eg_var,ens-discrep_mean,ens-discrep_var
newplan,0.18671835859676533,0.012164663881975568,0.1725880341880342,0.00863458839067865,0.1367803418803419,0.0063556939738476145
oldplan,0.23800040987881665,0.0022627708470514614,0.22387008547008552,0.0041758551011761265,0.1880623931623932,0.023399985010446343
judge,0.06706023893864566,0.015710048565358944,0.05292991452991453,0.010906690078164947,0.017122222222222216,0.003980852860544964
NC_Proportional_DIST,0.015778187656594347,0.003214196302038978,0.00164786324786322,0.002568929832712395,-0.03415982905982909,0.013358582424428375
NC_Dem_DIST,-0.08678591490750819,0.0038074348121724545,-0.10091623931623933,0.004188741360216234,-0.13672393162393162,0.023293094806633063
NC_GOP_DIST,0.212359384237791,0.003702244694415487,0.19822905982905983,0.0026683381167360654,0.16242136752136757,0.01070611694119366
