plan,disprop_mean,disprop_var,eg_mean,eg_var,ens-discrep_mean,ens-discrep_var
PA_Proportional_DIST,-0.01489041713552178,0.001449590546983163,0.0010913580246913715,0.0004326892120103635,-0.09187623456790121,0.006569707087158969
PA_Compact_DIST,0.09622069397558938,0.007317253999134515,0.1122024691358025,0.003247778375247678,0.019234876543209902,0.0013090074986816034
PA_compact_algorithm_DIST,0.07770217545707081,0.011843407197215309,0.09368395061728396,0.005899447328151199,0.0007163580246913757,0.002128618838416398
PA_Dem_DIST,-0.01489041713552178,0.001449590546983163,0.0010913580246913715,0.0004326892120103635,-0.09187623456790121,0.006569707087158969
PA_GOP_DIST,0.14560341002497204,0.012887842850616846,0.1615851851851852,0.008294478573388204,0.0686175925925926,0.004697596128463651
PA_Competitive_DIST,-0.008717577629348994,0.034141349020141376,0.0072641975308641955,0.023290576729157145,-0.08570339506172837,0.010228833744680685
PA_current_DIST,0.145603410024972,0.015309635567267046,0.1615851851851852,0.009706549903978054,0.0686175925925926,0.003980902026954734
