plan,disprop_mean,disprop_var,eg_mean,eg_var,ens-discrep_mean,ens-discrep_var
CD,0.1772192761571099,0.0018511677469820421,0.1813846153846154,0.0015706859171597655,0.07242336538461538,0.009188662830380915
