plan,disprop_mean,disprop_var,eg_mean,eg_var,ens-discrep_mean,ens-discrep_var
MD_Proportional_DIST,-0.09264728160045084,0.005453030771503064,0.03971999999999999,0.0037023696000000003,0.077089875,0.003962694755140625
MD_Compact_DIST,-0.09264728160045084,0.005453030771503064,0.03971999999999999,0.0037023696000000003,0.077089875,0.003962694755140625
MD_compact_algorithm_DIST,-0.13014728160045083,0.00455131369518423,0.0022199999999999885,0.002992619599999998,0.039589875,0.004146372880140625
MD_Dem_DIST,-0.2926472816004509,0.03178272245860171,-0.16028000000000003,0.0207303696,-0.12291012500000001,0.02171805100514062
MD_GOP_DIST,-0.030147281600450843,0.02201527024054383,0.10221999999999998,0.017293619599999997,0.139589875,0.012950272880140626
MD_Competitive_DIST,-0.19264728160045086,0.03202013794717339,-0.060280000000000014,0.018091369600000004,-0.022910125,0.017965826005140628
MD_current_DIST,-0.21764728160045083,0.005290709063856633,-0.08528000000000001,0.0033773695999999983,-0.047910125000000005,0.004652351005140625
