plan,disprop_mean,disprop_var,eg_mean,eg_var,ens-discrep_mean,ens-discrep_var
CD,-0.21764728160045083,0.005290709063856633,-0.08528000000000001,0.0033773695999999983,-0.047910125000000005,0.004652351005140625
CNG02,-0.11764728160045083,0.0043433718398595,0.014719999999999988,0.003983369599999999,0.052089874999999994,0.005040282255140625
MD_Proportional_DIST,-0.09264728160045084,0.005453030771503064,0.03971999999999999,0.0037023696000000003,0.077089875,0.003962694755140625
MD_Dem_DIST,-0.2926472816004509,0.03178272245860171,-0.16028000000000003,0.0207303696,-0.12291012500000001,0.02171805100514062
MD_GOP_DIST,-0.030147281600450843,0.02201527024054383,0.10221999999999998,0.017293619599999997,0.139589875,0.012950272880140626
